First Name,Last Name,Email
Jaelynn,Pickard,jpickard@gmail.com
Kristi,Bianco,kbianco@gmail.com
Kimberly,Cordell,kcordell@gmail.com
Citlali,Maxey,cmaxey@gmail.com
Tonya,Noll,tnoll@gmail.com
Juanita,Major,jmajor@gmail.com
Darren,Downey,ddowney@gmail.com
Daja,Moeller,dmoeller@gmail.com
Caelan,Wells,cwells@gmail.com
Eleazar,Wahl,ewahl@gmail.com
Kaila,Steele,ksteele@gmail.com
Henry,Aiello,haiello@gmail.com
Walter,McKnight,wmcknight@gmail.com
Kyler,Bayer,kbayer@gmail.com
Loren,Rubin,lrubin@gmail.com
Mariel,Delong,mdelong@gmail.com
Kassie,Zarate,kzarate@gmail.com
Johnathan,Hamm,jhamm@gmail.com
Bronson,Miles,bmiles@gmail.com
Shyla,Arevalo,sarevalo@gmail.com
Sally,Woods,swoods@gmail.com
Chase,Lea,clea@gmail.com
Conor,Carvalho,ccarvalho@gmail.com
Cristobal,Trimble,ctrimble@gmail.com
Catrina,Pedraza,cpedraza@gmail.com
Cailey,Brien,cbrien@gmail.com
Darby,Grabowski,dgrabowski@gmail.com
Leroy,Bernal,lbernal@gmail.com
Marcelo,Elizondo,melizondo@gmail.com
Lora,Burton,lburton@gmail.com
Juancarlos,Demers,jdemers@gmail.com
Rocio,Crowell,rcrowell@gmail.com
Devan,Still,dstill@gmail.com
Cesar,Puckett,cpuckett@gmail.com
Isaiah,Randle,irandle@gmail.com
Skyla,Powers,spowers@gmail.com
Leland,Poston,lposton@gmail.com
Cruz,Guevara,cguevara@gmail.com
Krysten,Whitley,kwhitley@gmail.com
Gissel,Barajas,gbarajas@gmail.com
Jasmyn,Clifford,jclifford@gmail.com
Mitchell,Daigle,mdaigle@gmail.com
Kelly,Dowling,kdowling@gmail.com
Madeleine,Mcmillen,mmcmillen@gmail.com
Quinton,Lombardi,qlombardi@gmail.com
Allyssa,Chappell,achappell@gmail.com
Zahra,Aguilera,zaguilera@gmail.com
Jazlynn,Swafford,jswafford@gmail.com
Mckenzie,Ledesma,mledesma@gmail.com
Annelise,Padgett,apadgett@gmail.com
Gracie,Noe,gnoe@gmail.com
Sage,Pickett,spickett@gmail.com
Dymond,Mathias,dmathias@gmail.com
Rico,Yanez,ryanez@gmail.com
Annabella,Jameson,ajameson@gmail.com
Mercy,Szymanski,mszymanski@gmail.com
Malachi,Frye,mfrye@gmail.com
Ivan,Breaux,ibreaux@gmail.com
Alani,Kirsch,akirsch@gmail.com
Darrien,Cone,dcone@gmail.com
Faith,Ruby,fruby@gmail.com
Bree,Terry,bterry@gmail.com
Tristin,Flowers,tflowers@gmail.com
Daja,Oswald,doswald@gmail.com
Dimitri,Eng,deng@gmail.com
River,Flaherty,rflaherty@gmail.com
Caroline,Ellsworth,cellsworth@gmail.com
Ashton,Dow,adow@gmail.com
Kennedy,Demers,kdemers@gmail.com
Marla,Haggerty,mhaggerty@gmail.com
Dallin,Dobbs,ddobbs@gmail.com
Janaya,Nye,jnye@gmail.com
Eddie,Barba,ebarba@gmail.com
Aman,Vang,avang@gmail.com
Annika,Haggerty,ahaggerty@gmail.com
Victor,Collins,vcollins@gmail.com
Jimmy,Blum,jblum@gmail.com
Renae,Akin,rakin@gmail.com
Griselda,Solorzano,gsolorzano@gmail.com
Katy,Hinkle,khinkle@gmail.com
Dillan,Binder,dbinder@gmail.com
Triston,Baxter,tbaxter@gmail.com
Hayden,McGrath,hmcgrath@gmail.com
Demarco,Lincoln,dlincoln@gmail.com
Deshaun,Gorman,dgorman@gmail.com
Arielle,Rutledge,arutledge@gmail.com
Heath,Meeks,hmeeks@gmail.com
Carla,Collier,ccollier@gmail.com
Preston,Newcomb,pnewcomb@gmail.com
Alayna,Hedges,ahedges@gmail.com
Bo,Woodson,bwoodson@gmail.com
Summer,Mackay,smackay@gmail.com
Vanessa,Paredes,vparedes@gmail.com
Albert,Strickland,astrickland@gmail.com
Blair,Jaramillo,bjaramillo@gmail.com
Tyrone,Calderon,tcalderon@gmail.com
Moises,Blocker,mblocker@gmail.com
Shauna,Elmore,selmore@gmail.com
German,Silver,gsilver@gmail.com
Maritza,Wilks,mwilks@gmail.com
Triniti,Abreu,tabreu@gmail.com
Lindsey,Dodd,ldodd@gmail.com
Grady,Malloy,gmalloy@gmail.com
Yadira,Olivarez,yolivarez@gmail.com
Maiya,Cooper,mcooper@gmail.com
Mark,Brumfield,mbrumfield@gmail.com
Martha,Edmondson,medmondson@gmail.com
Elisa,Hutchins,ehutchins@gmail.com
Suzanne,Winston,swinston@gmail.com
Lazaro,Pulliam,lpulliam@gmail.com
Kelton,McClure,kmcclure@gmail.com
Halle,Buchanan,hbuchanan@gmail.com
Camron,Christenson,cchristenson@gmail.com
Rocky,Spencer,rspencer@gmail.com
Sylvia,McDuffie,smcduffie@gmail.com
Kiarra,Wells,kwells@gmail.com
Alessandro,Barnes,abarnes@gmail.com
Elaine,Dykes,edykes@gmail.com
India,Greiner,igreiner@gmail.com
Chance,Otto,cotto@gmail.com
Jarred,Roark,jroark@gmail.com
Elvin,Hinds,ehinds@gmail.com
Nancy,Joseph,njoseph@gmail.com
Sean,Boone,sboone@gmail.com
Xochitl,Pond,xpond@gmail.com
Obed,Cano,ocano@gmail.com
Makenzi,Miner,mminer@gmail.com
Julio,Heim,jheim@gmail.com
Kane,Webster,kwebster@gmail.com
Bridget,Dover,bdover@gmail.com
Lee,Haggerty,lhaggerty@gmail.com
Tahj,Locklear,tlocklear@gmail.com
Mustafa,Parker,mparker@gmail.com
Gregory,Edge,gedge@gmail.com
Sidney,Milligan,smilligan@gmail.com
Amberly,Bolden,abolden@gmail.com
Cruz,Rich,crich@gmail.com
Lamar,Moseley,lmoseley@gmail.com
Yousef,Contreras,ycontreras@gmail.com
Kavon,McWilliams,kmcwilliams@gmail.com
Lilia,Reiter,lreiter@gmail.com
Stefani,Berg,sberg@gmail.com
Briza,Riley,briley@gmail.com
Genevieve,Brunner,gbrunner@gmail.com
Racheal,Henley,rhenley@gmail.com
Charles,Felton,cfelton@gmail.com
Aylin,Hwang,ahwang@gmail.com
Mitchel,Looney,mlooney@gmail.com
Ashley,Keenan,akeenan@gmail.com
Dominique,Canada,dcanada@gmail.com
Leyla,Locklear,llocklear@gmail.com
Rylee,Barrett,rbarrett@gmail.com
Estefany,Carver,ecarver@gmail.com
Phoebe,Parkinson,pparkinson@gmail.com
Fletcher,Jefferson,fjefferson@gmail.com
Christen,Hightower,chightower@gmail.com
Marina,Trotter,mtrotter@gmail.com
Denver,Oreilly,doreilly@gmail.com
Esmeralda,Eason,eeason@gmail.com
Stephon,Buford,sbuford@gmail.com
Sky,Payne,spayne@gmail.com
Abdul,Paredes,aparedes@gmail.com
Marquis,Kinder,mkinder@gmail.com
Travis,Petrie,tpetrie@gmail.com
Jaydon,Hinkle,jhinkle@gmail.com
Chandler,Beverly,cbeverly@gmail.com
Varun,Waller,vwaller@gmail.com
Maxine,Gilchrist,mgilchrist@gmail.com
Isiah,Selby,iselby@gmail.com
Xander,Whitley,xwhitley@gmail.com
Jamil,Bergman,jbergman@gmail.com
Elmer,White,ewhite@gmail.com
Jefferson,Melvin,jmelvin@gmail.com
Nathen,Negrete,nnegrete@gmail.com
Reuben,Bourque,rbourque@gmail.com
Kelsey,Linton,klinton@gmail.com
Dianna,Fiore,dfiore@gmail.com
Vladimir,Walden,vwalden@gmail.com
Jordyn,Molnar,jmolnar@gmail.com
Clarissa,Burkett,cburkett@gmail.com
Joshua,Marion,jmarion@gmail.com
Jalil,Reddy,jreddy@gmail.com
Jaret,Derosa,jderosa@gmail.com
Yesenia,Ferrell,yferrell@gmail.com
Tracy,Martin,tmartin@gmail.com
Madelyne,Dent,mdent@gmail.com
Hailey,Dial,hdial@gmail.com
Adam,Willey,awilley@gmail.com
Josue,Sosa,jsosa@gmail.com
Aimee,Huddleston,ahuddleston@gmail.com
Shaniya,Radford,sradford@gmail.com
Ken,Faust,kfaust@gmail.com
Darrell,Byrnes,dbyrnes@gmail.com
London,Meeker,lmeeker@gmail.com
Dakoda,Ritchey,dritchey@gmail.com
Jala,Sykes,jsykes@gmail.com
Kortney,Best,kbest@gmail.com
Ervin,Hess,ehess@gmail.com
Gladys,Koenig,gkoenig@gmail.com
Duncan,Stafford,dstafford@gmail.com
Fabian,Harlow,fharlow@gmail.com
Monika,Jett,mjett@gmail.com
Carolyn,Littlefield,clittlefield@gmail.com
Jensen,Michael,jmichael@gmail.com
Keshon,Alba,kalba@gmail.com
Miguel,Will,mwill@gmail.com
Danna,Amaya,damaya@gmail.com
Giancarlo,Saenz,gsaenz@gmail.com
Daylon,Hampton,dhampton@gmail.com
Willis,Hwang,whwang@gmail.com
Nathanial,Gates,ngates@gmail.com
Julius,Irizarry,jirizarry@gmail.com
Pearl,Lafferty,plafferty@gmail.com
Dalia,Brito,dbrito@gmail.com
Ruben,Overstreet,roverstreet@gmail.com
Anderson,Swenson,aswenson@gmail.com
Zachary,Nagy,znagy@gmail.com
Gillian,Withers,gwithers@gmail.com
Dajuan,Keating,dkeating@gmail.com
Brodie,Peterman,bpeterman@gmail.com
Nicholas,Davenport,ndavenport@gmail.com
Ariel,Mann,amann@gmail.com
Ashlin,Elder,aelder@gmail.com
Robin,Ruffin,rruffin@gmail.com
Tiara,Bello,tbello@gmail.com
Noor,Marr,nmarr@gmail.com
Nick,Beverly,nbeverly@gmail.com
Caitlynn,Seibert,cseibert@gmail.com
Tyra,Givens,tgivens@gmail.com
Lorena,Valdivia,lvaldivia@gmail.com
Lance,Duncan,lduncan@gmail.com
Devan,Burns,dburns@gmail.com
Katelynn,Valentine,kvalentine@gmail.com
Bayleigh,Seward,bseward@gmail.com
Abram,McGowan,amcgowan@gmail.com
Ahmed,Moffitt,amoffitt@gmail.com
Madalynn,Madsen,mmadsen@gmail.com
Sincere,Granados,sgranados@gmail.com
Deasia,Leahy,dleahy@gmail.com
Trinity,Owen,towen@gmail.com
Paloma,Morrissey,pmorrissey@gmail.com
Jaxson,Skelton,jskelton@gmail.com
Fernanda,Huey,fhuey@gmail.com
Deven,Townsend,dtownsend@gmail.com
Konner,Donaldson,kdonaldson@gmail.com
Kameron,Edmondson,kedmondson@gmail.com
Killian,Kruger,kkruger@gmail.com
Raelynn,Leighton,rleighton@gmail.com
Bernadette,Pauley,bpauley@gmail.com
Keith,Davis,kdavis@gmail.com
Ryan,Bailey,rbailey@gmail.com
Nathalie,Ogden,nogden@gmail.com
Kerri,Joyce,kjoyce@gmail.com
Lesley,Vigil,lvigil@gmail.com
Nyasia,Forman,nforman@gmail.com
Markell,Burge,mburge@gmail.com
Jessie,Gould,jgould@gmail.com
Kiera,Hutchison,khutchison@gmail.com
Tracey,Hand,thand@gmail.com
Jacquelyn,Elkins,jelkins@gmail.com
Marin,Sabo,msabo@gmail.com
Colin,Hamby,chamby@gmail.com
Guadalupe,Harmon,gharmon@gmail.com
Lindsey,Marvin,lmarvin@gmail.com
Braxton,Olivares,bolivares@gmail.com
Gwyneth,Short,gshort@gmail.com
Jayla,Nagle,jnagle@gmail.com
Frida,Colley,fcolley@gmail.com
Nicholas,Kelsey,nkelsey@gmail.com
Irving,Otero,iotero@gmail.com
Stone,Garland,sgarland@gmail.com
Taniya,Schaeffer,tschaeffer@gmail.com
Alivia,Prieto,aprieto@gmail.com
Selena,Harmon,sharmon@gmail.com
Shyann,Kopp,skopp@gmail.com
Tayler,Mattox,tmattox@gmail.com
Rowan,Robertson,rrobertson@gmail.com
Kennedy,Mosier,kmosier@gmail.com
Demetria,Halverson,dhalverson@gmail.com
Holland,Bruns,hbruns@gmail.com
Stephen,Barnes,sbarnes@gmail.com
Karyme,Marx,kmarx@gmail.com
Charlie,Roy,croy@gmail.com
Genesis,Boland,gboland@gmail.com
Dequan,Jacques,djacques@gmail.com
Jakobe,Hutcheson,jhutcheson@gmail.com
Jocelyn,Alley,jalley@gmail.com
Hakeem,Bills,hbills@gmail.com
Naomi,Elrod,nelrod@gmail.com
Kallie,Bland,kbland@gmail.com
Parker,Peace,ppeace@gmail.com
Haley,Corcoran,hcorcoran@gmail.com
Alannah,Wyman,awyman@gmail.com
Rasheed,Packer,rpacker@gmail.com
Yareli,Dix,ydix@gmail.com
Lincoln,Stark,lstark@gmail.com
Lesli,Arsenault,larsenault@gmail.com
Kyara,Cone,kcone@gmail.com
Desmond,Canady,dcanady@gmail.com
Tate,Cordova,tcordova@gmail.com
Gerard,Sandoval,gsandoval@gmail.com
Alexis,Cardwell,acardwell@gmail.com
Roland,McClellan,rmcclellan@gmail.com
Brendan,Gant,bgant@gmail.com
Wyatt,Finnegan,wfinnegan@gmail.com
Celeste,Yost,cyost@gmail.com
Jelani,Mehta,jmehta@gmail.com
Geneva,Lopes,glopes@gmail.com
Jaylen,Stanfield,jstanfield@gmail.com
Dionte,Jernigan,djernigan@gmail.com
Sean,Lance,slance@gmail.com
Jordin,McKay,jmckay@gmail.com
Kenya,Blocker,kblocker@gmail.com
Jenny,Chase,jchase@gmail.com
Katelyn,Wang,kwang@gmail.com
Taryn,Easter,teaster@gmail.com
Aubrie,Binder,abinder@gmail.com
Ken,Singletary,ksingletary@gmail.com
Greta,Legg,glegg@gmail.com
Layton,Carbajal,lcarbajal@gmail.com
Alex,Severson,aseverson@gmail.com
Mekhi,Duran,mduran@gmail.com
Efren,Haney,ehaney@gmail.com
Zachery,McQueen,zmcqueen@gmail.com
Sonja,Munguia,smunguia@gmail.com
Alysha,Sparks,asparks@gmail.com
Camille,Maloney,cmaloney@gmail.com
Betsy,Rocha,brocha@gmail.com
Tristen,Whitman,twhitman@gmail.com
Josef,McClung,jmcclung@gmail.com
Sebastien,Blake,sblake@gmail.com
Gerard,Coffman,gcoffman@gmail.com
Zainab,Hoffmann,zhoffmann@gmail.com
Talia,Basham,tbasham@gmail.com
Donovan,Wilkerson,dwilkerson@gmail.com
Darion,McCormick,dmccormick@gmail.com
Madison,Law,mlaw@gmail.com
John,Leslie,jleslie@gmail.com
Saige,Carden,scarden@gmail.com
Dewayne,Holley,dholley@gmail.com
Xiomara,Santillan,xsantillan@gmail.com
Darren,Jansen,djansen@gmail.com
Tristian,Romano,tromano@gmail.com
Karissa,Ritchie,kritchie@gmail.com
Jaylyn,Montalvo,jmontalvo@gmail.com
Gissel,Rooney,grooney@gmail.com
Ryan,Adler,radler@gmail.com
Ruby,Hannon,rhannon@gmail.com
Javon,Worden,jworden@gmail.com
Anthony,Gilbertson,agilbertson@gmail.com
Amia,Crocker,acrocker@gmail.com
Ralph,Fortner,rfortner@gmail.com
Devon,Asher,dasher@gmail.com
Jesse,Rosen,jrosen@gmail.com
Nehemiah,Pierson,npierson@gmail.com
Dustin,Bergman,dbergman@gmail.com
Daijah,Addison,daddison@gmail.com
Long,Todd,ltodd@gmail.com
Jan,Massey,jmassey@gmail.com
Leticia,Lunsford,llunsford@gmail.com
Jaime,Blevins,jblevins@gmail.com
Gonzalo,Morley,gmorley@gmail.com
Melany,Hadley,mhadley@gmail.com
Tayla,Wooten,twooten@gmail.com
Frank,Dawkins,fdawkins@gmail.com
Jenifer,Whitman,jwhitman@gmail.com
Jordi,Otto,jotto@gmail.com
Colette,Foster,cfoster@gmail.com
Immanuel,Talbert,italbert@gmail.com
Remington,McClure,rmcclure@gmail.com
Mateo,Beebe,mbeebe@gmail.com
Aspen,Leblanc,aleblanc@gmail.com
Floyd,Gabriel,fgabriel@gmail.com
Beau,Devlin,bdevlin@gmail.com
Averie,Ackerman,aackerman@gmail.com
Aja,Wilson,awilson@gmail.com
Tatiyana,Toledo,ttoledo@gmail.com
Cruz,Holman,cholman@gmail.com
Erick,Doughty,edoughty@gmail.com
Emerson,Hardman,ehardman@gmail.com
Todd,Carman,tcarman@gmail.com
Kareem,Braswell,kbraswell@gmail.com
Janaya,Lemke,jlemke@gmail.com
Destiny,Kidd,dkidd@gmail.com
Kennedy,Weathers,kweathers@gmail.com
Muhammad,Adair,madair@gmail.com
Kain,Marino,kmarino@gmail.com
Armando,Rooney,arooney@gmail.com
Chelsey,Schmidt,cschmidt@gmail.com
Sheila,Langston,slangston@gmail.com
Jamison,Bartels,jbartels@gmail.com
Autumn,Randle,arandle@gmail.com
Dane,Pantoja,dpantoja@gmail.com
Elian,Whelan,ewhelan@gmail.com
Lauryn,Wozniak,lwozniak@gmail.com
Kyree,Bolden,kbolden@gmail.com
Tori,Pearce,tpearce@gmail.com
Remington,Chisholm,rchisholm@gmail.com
Shana,Rangel,srangel@gmail.com
Lola,Ricks,lricks@gmail.com
Enoch,Infante,einfante@gmail.com
Kearra,Gallant,kgallant@gmail.com
Rey,Barba,rbarba@gmail.com
Maryann,Grabowski,mgrabowski@gmail.com
Joselyn,Ledford,jledford@gmail.com
Keyon,Davidson,kdavidson@gmail.com
Latrell,Ponder,lponder@gmail.com
London,Gallant,lgallant@gmail.com
Jerome,Howard,jhoward@gmail.com
Fallon,Krueger,fkrueger@gmail.com
Brenda,Ezell,bezell@gmail.com
Jamaal,Walters,jwalters@gmail.com
Alfredo,Block,ablock@gmail.com
Annabella,Wisniewski,awisniewski@gmail.com
Carissa,MacDonald,cmacdonald@gmail.com
Brenden,Archuleta,barchuleta@gmail.com
Santiago,Waggoner,swaggoner@gmail.com
Ileana,Herrick,iherrick@gmail.com
Mykayla,Pence,mpence@gmail.com
Meaghan,Ayers,mayers@gmail.com
Alfred,Dickson,adickson@gmail.com
Clyde,Beavers,cbeavers@gmail.com
Ireland,Wayne,iwayne@gmail.com
Abram,Counts,acounts@gmail.com
Yvette,Smallwood,ysmallwood@gmail.com
Infant,Kopp,ikopp@gmail.com
Kristen,Morin,kmorin@gmail.com
Avery,Groves,agroves@gmail.com
Alexandrea,Forsyth,aforsyth@gmail.com
Dana,Carson,dcarson@gmail.com
Alonzo,Hankins,ahankins@gmail.com
Fabian,Himes,fhimes@gmail.com
Lianna,Hartman,lhartman@gmail.com
Colette,Collier,ccollier2@gmail.com
Andie,Ratliff,aratliff@gmail.com
Kent,Ridgeway,kridgeway@gmail.com
Dandre,Simonson,dsimonson@gmail.com
Tavion,Madison,tmadison@gmail.com
Zachary,Gamble,zgamble@gmail.com
Cheyenne,Ricketts,cricketts@gmail.com
Fidel,Baer,fbaer@gmail.com
Gustavo,Oswald,goswald@gmail.com
Brisa,Whitley,bwhitley@gmail.com
Alexis,Cartwright,acartwright@gmail.com
Lexis,Nix,lnix@gmail.com
Bayleigh,Gruber,bgruber@gmail.com
Jaylin,Kirk,jkirk@gmail.com
Connie,Szymanski,cszymanski@gmail.com
Joelle,Baldwin,jbaldwin@gmail.com
Faith,Hernandez,fhernandez@gmail.com
Luis,Ledbetter,lledbetter@gmail.com
Treyvon,Barney,tbarney@gmail.com
Carissa,Alonzo,calonzo@gmail.com
Jayden,Wren,jwren@gmail.com
Andrew,Jaramillo,ajaramillo@gmail.com
Amberly,Hager,ahager@gmail.com
Arlene,Weatherford,aweatherford@gmail.com
Halie,Christman,hchristman@gmail.com
Katrina,Garber,kgarber@gmail.com
Alfredo,McCarthy,amccarthy@gmail.com
Dianna,Stern,dstern@gmail.com
Silas,Ayers,sayers@gmail.com
Stuart,Mendez,smendez@gmail.com
Joseline,Schulte,jschulte@gmail.com
Bobby,Farnsworth,bfarnsworth@gmail.com
Josie,Adcock,jadcock@gmail.com
Cheyanne,Havens,chavens@gmail.com
Armando,McAdams,amcadams@gmail.com
Rhiannon,Ahrens,rahrens@gmail.com
Fabian,Crane,fcrane@gmail.com
Reed,Leach,rleach@gmail.com
Nikhil,Parham,nparham@gmail.com
Mia,Adams,madams@gmail.com
Lyle,Schoen,lschoen@gmail.com
Paris,Plummer,pplummer@gmail.com
Ayana,Egan,aegan@gmail.com
Darrin,Gaither,dgaither@gmail.com
Brett,Crook,bcrook@gmail.com
Salvatore,Landon,slandon@gmail.com
Edwin,Vang,evang@gmail.com
Deondre,Shepard,dshepard@gmail.com
Zahra,Hiller,zhiller@gmail.com
Karlie,Nowak,knowak@gmail.com
Brandan,Rushing,brushing@gmail.com
Casey,Lilly,clilly@gmail.com
Roxanne,Lennon,rlennon@gmail.com
Priscilla,Weems,pweems@gmail.com
Makena,Arriaga,marriaga@gmail.com
Derek,Dixon,ddixon@gmail.com
Konner,Fontaine,kfontaine@gmail.com
Dakota,Orlando,dorlando@gmail.com
Haily,McKinnon,hmckinnon@gmail.com
Brissa,Cheng,bcheng@gmail.com
Jocelyn,Gibson,jgibson@gmail.com
Logan,Munn,lmunn@gmail.com
Britton,Grimes,bgrimes@gmail.com
Nikhil,Cranford,ncranford@gmail.com
Marco,McFarland,mmcfarland@gmail.com
Solomon,Esposito,sesposito@gmail.com
Irving,Ogden,iogden@gmail.com
Sabina,Bagwell,sbagwell@gmail.com
Julius,Flannery,jflannery@gmail.com
Nya,Ragan,nragan@gmail.com
Jarrod,Hyatt,jhyatt@gmail.com
Eva,Houghton,ehoughton@gmail.com
Serina,Pelletier,spelletier@gmail.com
Samir,Dick,sdick@gmail.com
Tyler,Yu,tyu@gmail.com
Keon,Li,kli@gmail.com
Yazmin,Rosenthal,yrosenthal@gmail.com
Melina,Swisher,mswisher@gmail.com
Kade,Ricks,kricks@gmail.com
Madysen,Hatfield,mhatfield@gmail.com
Elle,Felton,efelton@gmail.com
Christa,Simon,csimon@gmail.com
Emely,Earley,eearley@gmail.com
Leonardo,Spear,lspear@gmail.com
Kacie,Palma,kpalma@gmail.com
Penelope,Bernal,pbernal@gmail.com
Maximillian,Guevara,mguevara@gmail.com
Seamus,Cepeda,scepeda@gmail.com
Theo,StJohn,tstjohn@gmail.com
Marcos,Trimble,mtrimble@gmail.com
Shea,Switzer,sswitzer@gmail.com
Arthur,Whitten,awhitten@gmail.com
Tate,Grey,tgrey@gmail.com
Dean,Earle,dearle@gmail.com
Journey,Pease,jpease@gmail.com
Reid,Timm,rtimm@gmail.com
Lindsay,Milam,lmilam@gmail.com
Livia,Gavin,lgavin@gmail.com
Devyn,Bivens,dbivens@gmail.com
Coby,Waters,cwaters@gmail.com
Heidy,Horne,hhorne@gmail.com
Tyanna,Jackson,tjackson@gmail.com
Madisyn,Shoemaker,mshoemaker@gmail.com
Lauryn,Dexter,ldexter@gmail.com
Nicklaus,Pritchett,npritchett@gmail.com
Keelan,Reilly,kreilly@gmail.com
Daria,Altman,daltman@gmail.com
Karah,Carlos,kcarlos@gmail.com
Emely,Dahl,edahl@gmail.com
Josiah,Wilkinson,jwilkinson@gmail.com
Myah,Finney,mfinney@gmail.com
Kaylyn,Osborn,kosborn@gmail.com
Tasha,Paine,tpaine@gmail.com
Peyton,Lafferty,plafferty2@gmail.com
Yesica,Jacobson,yjacobson@gmail.com
Ginger,Zheng,gzheng@gmail.com
Destiny,Dunning,ddunning@gmail.com
Humberto,Merritt,hmerritt@gmail.com
Santiago,Beckham,sbeckham@gmail.com
Jim,Lieberman,jlieberman@gmail.com
Aysia,Mueller,amueller@gmail.com
Deangelo,Langley,dlangley@gmail.com
Waylon,Soares,wsoares@gmail.com
Aysha,Jerome,ajerome@gmail.com
Elmer,Archuleta,earchuleta@gmail.com
Bianca,Macias,bmacias@gmail.com
Annalise,Marion,amarion@gmail.com
Stetson,Bowser,sbowser@gmail.com
Brittney,Meier,bmeier@gmail.com
Katelin,Haase,khaase@gmail.com
Tavon,Kim,tkim@gmail.com
Adrian,Craig,acraig@gmail.com
Judith,Dean,jdean@gmail.com
Rex,Tracy,rtracy@gmail.com
Kristyn,Monahan,kmonahan@gmail.com
Heath,Webster,hwebster@gmail.com
Darrian,Cheung,dcheung@gmail.com
Darian,Andrus,dandrus@gmail.com
Coby,Gerber,cgerber@gmail.com
Jackie,Vinson,jvinson@gmail.com
Dallas,Gruber,dgruber@gmail.com
Joslyn,Howe,jhowe@gmail.com
Ignacio,Sosa,isosa@gmail.com
Klarissa,Clary,kclary@gmail.com
Eden,Terrell,eterrell@gmail.com
Ayla,Knutson,aknutson@gmail.com
Reese,Sheldon,rsheldon@gmail.com
Nathanial,Armendariz,narmendariz@gmail.com
Zachery,Cao,zcao@gmail.com
Geneva,Oliva,goliva@gmail.com
Audrey,Nye,anye@gmail.com
Donavan,Buckley,dbuckley@gmail.com
Kami,McCauley,kmccauley@gmail.com
Bianca,Vaughan,bvaughan@gmail.com
Cailyn,Mancuso,cmancuso@gmail.com
Molly,Varela,mvarela@gmail.com
Breanna,Burnette,bburnette@gmail.com
Lamar,Liang,lliang@gmail.com
Devon,Mortensen,dmortensen@gmail.com
Imani,McClelland,imcclelland@gmail.com
Leroy,Whitfield,lwhitfield@gmail.com
Nicholas,Freed,nfreed@gmail.com
Branson,Mays,bmays@gmail.com
Deana,Long,dlong@gmail.com
Harry,Isaacs,hisaacs@gmail.com
Jordyn,Downing,jdowning@gmail.com
Beth,McElroy,bmcelroy@gmail.com
Codey,Tilley,ctilley@gmail.com
Thalia,Sullivan,tsullivan@gmail.com
Jana,Schulz,jschulz@gmail.com
Kailee,Kohler,kkohler@gmail.com
Pierre,Shelby,pshelby@gmail.com
Hannah,Dehart,hdehart@gmail.com
Donovan,Perkins,dperkins@gmail.com
Raphael,Staley,rstaley@gmail.com
Tevin,Cota,tcota@gmail.com
Dajuan,Hutson,dhutson@gmail.com
Chancellor,Sturm,csturm@gmail.com
Calista,King,cking@gmail.com
Deante,Schroeder,dschroeder@gmail.com
Zainab,Campbell,zcampbell@gmail.com
Ashlie,Schmid,aschmid@gmail.com
Kaley,Lovett,klovett@gmail.com
Juana,Hidalgo,jhidalgo@gmail.com
Wendy,Wynne,wwynne@gmail.com
Maurice,Hendricks,mhendricks@gmail.com
Leanna,Biggs,lbiggs@gmail.com
Marion,Arthur,marthur@gmail.com
Jon,Kish,jkish@gmail.com
Tristan,Seibert,tseibert@gmail.com
Tess,Schwab,tschwab@gmail.com
Danae,Lilly,dlilly@gmail.com
Cayden,Biddle,cbiddle@gmail.com
Kallie,Ramos,kramos@gmail.com
Imari,Vickers,ivickers@gmail.com
Jace,Eubanks,jeubanks@gmail.com
Thomas,McGrath,tmcgrath@gmail.com
Benny,Arellano,barellano@gmail.com
Jaylon,Pritchett,jpritchett@gmail.com
Martin,Applegate,mapplegate@gmail.com
Krysta,Driver,kdriver@gmail.com
Tommy,Easley,teasley@gmail.com
Keaton,Burgess,kburgess@gmail.com
Charles,Nadeau,cnadeau@gmail.com
Jevon,Asher,jasher@gmail.com
Isabelle,Bishop,ibishop@gmail.com
Elvin,McClintock,emcclintock@gmail.com
Johanna,Keeler,jkeeler@gmail.com
Jamil,Seifert,jseifert@gmail.com
Rowan,Whitlock,rwhitlock@gmail.com
Asher,McCoy,amccoy@gmail.com
Janette,Agee,jagee@gmail.com
Jasmin,Elder,jelder@gmail.com
Branson,Jensen,bjensen@gmail.com
Layne,Briggs,lbriggs@gmail.com
Guadalupe,Kruse,gkruse@gmail.com
Julien,Stack,jstack@gmail.com
Cora,Mcafee,cmcafee@gmail.com
Myra,Tice,mtice@gmail.com
Mike,Davenport,mdavenport@gmail.com
Shantel,Metz,smetz@gmail.com
Mckenna,Palacios,mpalacios@gmail.com
Rudy,Temple,rtemple@gmail.com
Lizette,Rowell,lrowell@gmail.com
Branden,Bui,bbui@gmail.com
River,Lyle,rlyle@gmail.com
Conner,Rhoades,crhoades@gmail.com
River,Dalton,rdalton@gmail.com
Winston,Mejia,wmejia@gmail.com
Ariel,Tubbs,atubbs@gmail.com
Halle,Krieger,hkrieger@gmail.com
Augustus,Stanfield,astanfield@gmail.com
Siena,Pond,spond@gmail.com
Elissa,Garrett,egarrett@gmail.com
Liana,Mull,lmull@gmail.com
Jelani,Ferry,jferry@gmail.com
Karleigh,McDonnell,kmcdonnell@gmail.com
Erick,Birch,ebirch@gmail.com
Nelly,Mullis,nmullis@gmail.com
Carl,Bethea,cbethea@gmail.com
Jordin,Madison,jmadison@gmail.com
Dana,Christian,dchristian@gmail.com
Cloe,Sneed,csneed@gmail.com
Maya,Kang,mkang@gmail.com
Luiz,Hallman,lhallman@gmail.com
Alize,Desai,adesai@gmail.com
Sierra,Mosher,smosher@gmail.com
Truman,Maynard,tmaynard@gmail.com
Sergio,Fish,sfish@gmail.com
Janessa,Covarrubias,jcovarrubias@gmail.com
Dana,Tafoya,dtafoya@gmail.com
Chyanne,Russ,cruss@gmail.com
Francesco,Tripp,ftripp@gmail.com
Alonso,Sharp,asharp@gmail.com
Anisha,Osullivan,aosullivan@gmail.com
Matthias,Cherry,mcherry@gmail.com
Orion,Harp,oharp@gmail.com
Devon,Betancourt,dbetancourt@gmail.com
Rivka,Brantley,rbrantley@gmail.com
Tobias,Hale,thale@gmail.com
Lainey,Arreola,larreola@gmail.com
Raven,Lavoie,rlavoie@gmail.com
Beatrice,Miller,bmiller@gmail.com
Ryann,Irby,rirby@gmail.com
Cole,Hoyle,choyle@gmail.com
Deion,Wayne,dwayne@gmail.com
Trent,Benoit,tbenoit@gmail.com
Madilyn,Glenn,mglenn@gmail.com
Madeline,David,mdavid@gmail.com
Austyn,Ingle,aingle@gmail.com
Lexis,Robbins,lrobbins@gmail.com
Efrain,Strong,estrong@gmail.com
Taylar,Emery,temery@gmail.com
Alexandria,Qualls,aqualls@gmail.com
Laura,Francisco,lfrancisco@gmail.com
Roberto,Eller,reller@gmail.com
Mika,Kinsey,mkinsey@gmail.com
Keshon,Dixon,kdixon@gmail.com
Kalynn,Stratton,kstratton@gmail.com
Kortney,Horowitz,khorowitz@gmail.com
Mikayla,Jankowski,mjankowski@gmail.com
Kelsey,Luke,kluke@gmail.com
Mekhi,Van,mvan@gmail.com
Tomas,Swain,tswain@gmail.com
Finn,Gunderson,fgunderson@gmail.com
Jaydon,Glynn,jglynn@gmail.com
Johanna,Rainey,jrainey@gmail.com
Amara,Cochran,acochran@gmail.com
Annemarie,Wheat,awheat@gmail.com
Jaqueline,Small,jsmall@gmail.com
Kameron,Tellez,ktellez@gmail.com
Dakotah,Nickel,dnickel@gmail.com
Kami,Tompkins,ktompkins@gmail.com
Jackelyn,Mcnutt,jmcnutt@gmail.com
Ahmed,Briones,abriones@gmail.com
Trever,Saenz,tsaenz@gmail.com
Dimitri,Herrick,dherrick@gmail.com
Kennedy,Dunaway,kdunaway@gmail.com
Dustin,Tobias,dtobias@gmail.com
Rashad,Acosta,racosta@gmail.com
Nicole,Mcnulty,nmcnulty@gmail.com
Craig,Aiello,caiello@gmail.com
Marion,Holliday,mholliday@gmail.com
Krysta,Rendon,krendon@gmail.com
Rylie,Kiefer,rkiefer@gmail.com
Clayton,Butler,cbutler@gmail.com
Kaylea,Higdon,khigdon@gmail.com
Makiya,Falk,mfalk@gmail.com
Amaiya,Sams,asams@gmail.com
Averi,Messina,amessina@gmail.com
Keyon,Hartmann,khartmann@gmail.com
Ariel,Grogan,agrogan@gmail.com
Devin,Parnell,dparnell@gmail.com
Daisha,Devries,ddevries@gmail.com
Cherokee,Leach,cleach@gmail.com
Tavian,Donovan,tdonovan@gmail.com
Joey,Windham,jwindham@gmail.com
Cailyn,Parsons,cparsons@gmail.com
Brieanna,Pence,bpence@gmail.com
Farrah,Pereira,fpereira@gmail.com
Kailey,Casillas,kcasillas@gmail.com
Taliyah,Shin,tshin@gmail.com
Casandra,Currier,ccurrier@gmail.com
Bryson,Hildebrand,bhildebrand@gmail.com
Sheridan,Bess,sbess@gmail.com
Reagan,Hopkins,rhopkins@gmail.com
Jill,Santoro,jsantoro@gmail.com
Rubi,Bittner,rbittner@gmail.com
Benjamin,McClintock,bmcclintock@gmail.com
Silas,Mackay,smackay2@gmail.com
Shelly,Donnell,sdonnell@gmail.com
Kalli,Munguia,kmunguia@gmail.com
Kassie,Shipley,kshipley@gmail.com
Hezekiah,Armenta,harmenta@gmail.com
Malaysia,Swan,mswan@gmail.com
Sebastien,Eckert,seckert@gmail.com
Zara,Havens,zhavens@gmail.com
Fredrick,Thayer,fthayer@gmail.com
Lauryn,Granger,lgranger@gmail.com
Gerard,Crouch,gcrouch@gmail.com
Anthony,Lovell,alovell@gmail.com
Timothy,Lott,tlott@gmail.com
Makiya,Wyatt,mwyatt@gmail.com
Annaliese,Longoria,alongoria@gmail.com
Samuel,Meier,smeier@gmail.com
Celine,Robinson,crobinson@gmail.com
Stephanie,Epstein,sepstein@gmail.com
Rebeca,Gardiner,rgardiner@gmail.com
Ben,Renteria,brenteria@gmail.com
Anastasia,Starnes,astarnes@gmail.com
Franchesca,Minton,fminton@gmail.com
Donte,Goldberg,dgoldberg@gmail.com
Belen,Conte,bconte@gmail.com
Dakoda,Anguiano,danguiano@gmail.com
Trisha,Moreau,tmoreau@gmail.com
Samuel,Seeley,sseeley@gmail.com
Jennifer,Lauer,jlauer@gmail.com
Sage,Hunt,shunt@gmail.com
Dawson,Eckert,deckert@gmail.com
Aysha,Dao,adao@gmail.com
Aileen,Thayer,athayer@gmail.com
Jillian,Potter,jpotter@gmail.com
Bobbi,Grubbs,bgrubbs@gmail.com
Madilyn,Major,mmajor@gmail.com
Melanie,Morgan,mmorgan@gmail.com
Juwan,Levesque,jlevesque@gmail.com
Ivy,Burr,iburr@gmail.com
Lyle,Ellsworth,lellsworth@gmail.com
Maren,Lewis,mlewis@gmail.com
Bradford,Gossett,bgossett@gmail.com
Javion,Acker,jacker@gmail.com
Reanna,Goldsmith,rgoldsmith@gmail.com
Guadalupe,Garland,ggarland@gmail.com
Alexandra,Laney,alaney@gmail.com
Aliya,Dickson,adickson2@gmail.com
Brianne,Goldberg,bgoldberg@gmail.com
German,Alderman,galderman@gmail.com
Jason,Gary,jgary@gmail.com
Rowan,Lovett,rlovett@gmail.com
Trevin,Barba,tbarba@gmail.com
Lonnie,Haggerty,lhaggerty2@gmail.com
Georgia,Arredondo,garredondo@gmail.com
Kyleigh,Swope,kswope@gmail.com
Keenan,Brower,kbrower@gmail.com
Natalia,Hart,nhart@gmail.com
Jennah,Stinson,jstinson@gmail.com
Alysa,Espino,aespino@gmail.com
Yadira,Mai,ymai@gmail.com
Reynaldo,Gavin,rgavin@gmail.com
Rylee,Coons,rcoons@gmail.com
Alvin,Coons,acoons@gmail.com
Emerson,Ramirez,eramirez@gmail.com
Reina,Kunkel,rkunkel@gmail.com
Mckinley,Blair,mblair@gmail.com
Tomas,Dahl,tdahl@gmail.com
Kristal,Busch,kbusch@gmail.com
Nathaniel,Archer,narcher@gmail.com
Serina,Montanez,smontanez@gmail.com
Hezekiah,Curley,hcurley@gmail.com
Coral,Clawson,cclawson@gmail.com
Kiley,Dalton,kdalton@gmail.com
Tiana,Sims,tsims@gmail.com
Semaj,Rice,srice@gmail.com
Jabari,Willett,jwillett@gmail.com
Parker,Correa,pcorrea@gmail.com
Sonya,Solano,ssolano@gmail.com
Christopher,Norwood,cnorwood@gmail.com
Adrien,Dell,adell@gmail.com
Duncan,Rooney,drooney@gmail.com
Kathy,Naranjo,knaranjo@gmail.com
Kellen,Fulton,kfulton@gmail.com
Edmund,Upchurch,eupchurch@gmail.com
Darrell,Barrow,dbarrow@gmail.com
Wayne,Molnar,wmolnar@gmail.com
Katelin,Cutler,kcutler@gmail.com
Shannon,Copeland,scopeland@gmail.com
Luciano,Khan,lkhan@gmail.com
Finn,Beltran,fbeltran@gmail.com
Rochelle,Quintero,rquintero@gmail.com
Marina,Kimble,mkimble@gmail.com
Frankie,Barragan,fbarragan@gmail.com
Austen,Lozano,alozano@gmail.com
Gabriela,Platt,gplatt@gmail.com
Sabastian,Hidalgo,shidalgo@gmail.com
Jevon,Lantz,jlantz@gmail.com
Kyleigh,Rankin,krankin@gmail.com
Edward,Meadows,emeadows@gmail.com
Kia,Richmond,krichmond@gmail.com
America,Tatum,atatum@gmail.com
Kailee,Robins,krobins@gmail.com
Fletcher,Kerr,fkerr@gmail.com
Gissel,Law,glaw@gmail.com
Trevon,Neff,tneff@gmail.com
Nina,Grigsby,ngrigsby@gmail.com
Brigid,Noonan,bnoonan@gmail.com
Dana,Spalding,dspalding@gmail.com
Rhea,Herrick,rherrick@gmail.com
Nehemiah,Levy,nlevy@gmail.com
Rory,Heller,rheller@gmail.com
Vladimir,Moriarty,vmoriarty@gmail.com
Truman,Trejo,ttrejo@gmail.com
Cedric,Tomlin,ctomlin@gmail.com
Quintin,Dalton,qdalton@gmail.com
Arron,Gaston,agaston@gmail.com
Braxton,Bonner,bbonner@gmail.com
Louie,Mcallister,lmcallister@gmail.com
Harmony,Cote,hcote@gmail.com
Allie,Barnhill,abarnhill@gmail.com
Benny,Cohn,bcohn@gmail.com
Violet,Villasenor,vvillasenor@gmail.com
Jaliyah,Martell,jmartell@gmail.com
Andie,Staples,astaples@gmail.com
Alexzander,Waite,awaite@gmail.com
Felix,Preston,fpreston@gmail.com
Taj,Galindo,tgalindo@gmail.com
Cory,Kirkland,ckirkland@gmail.com
Sarai,Bush,sbush@gmail.com
Jarvis,Neill,jneill@gmail.com
Gerard,Choate,gchoate@gmail.com
Lanie,Smallwood,lsmallwood@gmail.com
Makayla,Chatman,mchatman@gmail.com
Izaiah,Headley,iheadley@gmail.com
Bryn,Cuevas,bcuevas@gmail.com
Aubrey,Hinojosa,ahinojosa@gmail.com
Taj,Steen,tsteen@gmail.com
Alec,Simonson,asimonson@gmail.com
Magdalena,Hanna,mhanna@gmail.com
Maverick,Sorrell,msorrell@gmail.com
Tammy,Vidal,tvidal@gmail.com
Santiago,McNeil,smcneil@gmail.com
Kaylynn,Sawyer,ksawyer@gmail.com
Leif,Reddick,lreddick@gmail.com
Jensen,Bass,jbass@gmail.com
Dejah,Bender,dbender@gmail.com
Bernardo,Ralston,bralston@gmail.com
Wyatt,Sells,wsells@gmail.com
Janeth,Ivey,jivey@gmail.com
Hans,Bohannon,hbohannon@gmail.com
Jan,Robinson,jrobinson@gmail.com
Kathleen,Fonseca,kfonseca@gmail.com
Giovanni,Roque,groque@gmail.com
Kiersten,Ibarra,kibarra@gmail.com
Joel,Vetter,jvetter@gmail.com
Alexandra,Irizarry,airizarry@gmail.com
Marion,Rawls,mrawls@gmail.com
Cristopher,Kilgore,ckilgore@gmail.com
Allie,Barton,abarton@gmail.com
Bethanie,Danielson,bdanielson@gmail.com
Kristian,Crider,kcrider@gmail.com
Colt,Whipple,cwhipple@gmail.com
Dezmond,Stokes,dstokes@gmail.com
Bryan,Wray,bwray@gmail.com
Terence,Shuler,tshuler@gmail.com
Julio,Brock,jbrock@gmail.com
Nautica,Younger,nyounger@gmail.com
Jaylen,Catalano,jcatalano@gmail.com
Candace,Santos,csantos@gmail.com
Hayley,Rushing,hrushing@gmail.com
Brooke,Trent,btrent@gmail.com
Kimberlee,Wentz,kwentz@gmail.com
Collin,Souza,csouza@gmail.com
Savanah,Arrington,sarrington@gmail.com
Kenna,Osorio,kosorio@gmail.com
Tamya,Alvarez,talvarez@gmail.com
Winter,Wyatt,wwyatt@gmail.com
Greyson,Samson,gsamson@gmail.com
Carlee,Jaramillo,cjaramillo@gmail.com
Jimmy,Steinberg,jsteinberg@gmail.com
Notnamed,Holliday,nholliday@gmail.com
Santos,Granados,sgranados2@gmail.com
Nathan,Osborn,nosborn@gmail.com
Isaac,Fuller,ifuller@gmail.com
Billy,Burch,bburch@gmail.com
Kai,McMillan,kmcmillan@gmail.com
Kristen,Schrock,kschrock@gmail.com
Camren,Knight,cknight@gmail.com
Edgardo,Donnell,edonnell@gmail.com
Vicente,Covey,vcovey@gmail.com
Leonel,Barba,lbarba@gmail.com
Jan,Mata,jmata@gmail.com
Desean,Randall,drandall@gmail.com
Jaime,Malik,jmalik@gmail.com
Madison,Moses,mmoses@gmail.com
Anisa,Musser,amusser@gmail.com
Craig,Colvin,ccolvin@gmail.com
Madison,Southard,msouthard@gmail.com
Hanah,Childs,hchilds@gmail.com
Marquis,Nesbitt,mnesbitt@gmail.com
Sammy,Laster,slaster@gmail.com
Jarret,Youngblood,jyoungblood@gmail.com
Kobe,Hirsch,khirsch@gmail.com
Kareem,Swanson,kswanson@gmail.com
Craig,Kovacs,ckovacs@gmail.com
Larry,Moeller,lmoeller@gmail.com
Callista,McKnight,cmcknight@gmail.com
Daron,Pfeifer,dpfeifer@gmail.com
Liza,Wyatt,lwyatt@gmail.com
Laurel,Thorn,lthorn@gmail.com
Oscar,Fuller,ofuller@gmail.com
Kasey,Levin,klevin@gmail.com
Simeon,Sellers,ssellers@gmail.com
Rocky,Emmons,remmons@gmail.com
Ruben,Vela,rvela@gmail.com
Taylor,Schulte,tschulte@gmail.com
Adolfo,Delgadillo,adelgadillo@gmail.com
Ingrid,Shirley,ishirley@gmail.com
Enzo,Lee,elee@gmail.com
Corina,Hinkle,chinkle@gmail.com
Marco,Pineda,mpineda@gmail.com
Demetrius,Strauss,dstrauss@gmail.com
Tea,Meek,tmeek@gmail.com
Bria,Blount,bblount@gmail.com
Jami,Keeney,jkeeney@gmail.com
Valery,Sandlin,vsandlin@gmail.com
Niko,Overstreet,noverstreet@gmail.com
Rodolfo,Freeman,rfreeman@gmail.com
Floyd,Peterson,fpeterson@gmail.com
Jacie,Higdon,jhigdon@gmail.com
Kaylie,Noe,knoe@gmail.com
Jacinda,Dean,jdean2@gmail.com
Jordy,Rogers,jrogers@gmail.com
Neo,Watkins,nwatkins@gmail.com
Donald,Sweat,dsweat@gmail.com
Duane,Frias,dfrias@gmail.com
Sequoia,Valdes,svaldes@gmail.com
Halley,Keys,hkeys@gmail.com
Nikole,Lumpkin,nlumpkin@gmail.com